4.03861,-0.48724,1.01499,-0.27233,1.19354,-1.18362,1.11639,-1.09485,1.6596,1.52941,0.80578,0.44062,2.5118,1
-0.39878,-0.48724,2.42017,-0.27233,0.46864,-1.2391299999999998,1.056,-0.96862,-0.6373300000000001,1.79642,0.75959,-0.13828,1.58477,1
1.68238,-0.48724,1.01499,-0.27233,1.07273,0.21258,1.11639,-0.93097,1.6596,1.52941,0.80578,-3.60835,2.29615,1
2.207,-0.48724,1.01499,-0.27233,1.25395,-1.82836,0.74337,-1.08118,1.6596,1.52941,0.80578,0.44062,2.70785,1
2.4633,-0.48724,1.01499,-0.27233,1.19354,-1.33164,0.97429,-0.9936,1.6596,1.52941,0.80578,0.44062,0.99662,1
1.42379,-0.48724,1.01499,-0.27233,1.07273,-0.55312,0.95297,-0.8954,1.6596,1.52941,0.80578,-3.82271,1.6435799999999998,1
0.95317,-0.48724,1.01499,-0.27233,1.40929,0.76765,0.28154,-0.95029,1.6596,1.52941,0.80578,-3.3761400000000004,1.4125299999999998,1
1.17009,-0.48724,1.01499,-0.27233,1.59914,-0.49762,0.68653,-0.93766,1.6596,1.52941,0.80578,-3.15159,2.99212,1
0.47183,-0.48724,1.01499,-0.27233,1.19354,-0.7651899999999999,1.07731,-1.02656,1.6596,1.52941,0.80578,0.39899,1.01763,1
1.91493,-0.48724,1.01499,-0.27233,1.25395,-2.72785,0.80377,-1.11865,1.6596,1.52941,0.80578,-0.77599,2.5174,1
8.12884,-0.48724,1.01499,-0.27233,1.07273,-0.4663100000000001,1.11639,-0.94621,1.6596,1.52941,0.80578,-3.72665,1.11565,1
1.25643,-0.48724,1.01499,-0.27233,1.59914,0.25101,0.8783700000000001,-0.8512299999999999,1.6596,1.52941,0.80578,-3.60572,0.75576,1
0.92592,-0.48724,1.01499,-0.27233,1.25395,-1.77712,1.00981,-0.96169,1.6596,1.52941,0.80578,0.44062,1.82423,1
1.24631,-0.48724,1.01499,-0.27233,1.25395,-1.99915,1.11639,-1.04741,1.6596,1.52941,0.80578,0.17795,2.516,1
1.00374,-0.48724,1.01499,-0.27233,0.2529,-0.6371,-0.31528,-0.8536,1.6596,1.52941,0.80578,-3.63683,0.42528,1
9.92411,-0.48724,1.01499,-0.27233,1.00369,0.9726,0.82863,-1.12957,1.6596,1.52941,0.80578,0.44062,0.63813,1
2.59571,-0.48724,1.01499,-0.27233,1.07273,-1.39569,0.72916,-1.01987,1.6596,1.52941,0.80578,-2.5118,1.95866,1
2.14352,-0.48724,1.01499,-0.27233,1.59914,-0.66414,0.8464,-0.91601,1.6596,1.52941,0.80578,0.38092,1.3243,1
1.06827,-0.48724,1.01499,-0.27233,1.59914,-0.6129,0.9956,-0.90204,1.6596,1.52941,0.80578,-1.2723,1.55956,1
0.43639,-0.48724,1.01499,-0.27233,1.07273,-0.13042,0.33838,-0.88305,1.6596,1.52941,0.80578,-2.8473,1.24168,1
0.6479600000000001,-0.48724,1.01499,-0.27233,1.25395,-1.06549,1.11639,-1.0517299999999998,1.6596,1.52941,0.80578,0.44062,1.53296,1
0.5276,-0.48724,1.01499,-0.27233,1.25395,-1.27329,1.07731,-0.98159,1.6596,1.52941,0.80578,0.44062,1.14786,1
0.60205,-0.48724,1.01499,-0.27233,0.2529,-1.02422,0.07194,-0.82231,1.6596,1.52941,0.80578,-3.86686,0.63113,1
1.19744,-0.48724,1.01499,-0.27233,1.36614,-0.10907,0.93876,-0.7469399999999999,1.6596,1.52941,0.80578,-2.80458,0.35246,1
0.82058,-0.48724,1.01499,-0.27233,1.59914,0.24817,0.93166,-0.85821,1.6596,1.52941,0.80578,-3.4351800000000003,1.58617,1
1.98833,-0.48724,1.01499,-0.27233,0.9001299999999999,-3.0552,1.11639,-1.24278,1.6596,1.52941,0.80578,0.14837999999999998,1.49655,1
1.32649,-0.48724,1.01499,-0.27233,0.51179,-1.39569,1.02047,-0.8046399999999999,1.6596,1.52941,0.80578,-0.0788,1.7164,1
0.73374,-0.48724,1.01499,-0.27233,1.59914,-0.04787,0.9956,-0.75843,1.6596,1.52941,0.80578,0.34883000000000003,0.5303,1
-0.28864,-0.48724,-0.43683,-0.27233,-0.14407,-0.81358,0.90679,0.20799,-0.6373300000000001,-0.60068,1.1753,0.03829,1.3929200000000002,1
0.12269,-0.48724,1.01499,-0.27233,1.36614,-0.43926,0.68653,-0.5767399999999999,1.6596,1.52941,0.80578,-3.79204,0.8901899999999999,1
0.45486,-0.48724,1.01499,-0.27233,1.36614,0.18839,1.056,-0.76461,1.6596,1.52941,0.80578,-0.57467,0.93221,1
-0.2862,-0.48724,-0.43683,-0.27233,-0.14407,-0.8306600000000001,0.93876,-0.00372,-0.6373300000000001,-0.60068,1.1753,0.02296,0.79777,1
-0.13566,-0.48724,1.23073,-0.27233,2.72965,-1.44123,0.90324,-0.97765,-0.52248,-0.03107,-1.7347,-2.93603,0.48829,1
2.3292,-0.48724,1.01499,-0.27233,1.00369,0.13573,0.98139,-1.1440000000000001,1.6596,1.52941,0.80578,0.44062,1.54556,1
-0.25874,-0.48724,-0.43683,-0.27233,-0.14407,-0.47627,0.47693,0.09259,-0.6373300000000001,-0.60068,1.1753,-1.35905,2.1085,1
-0.39106,-0.48724,1.56744,-0.27233,0.59809,-0.60863,1.05244,-1.00985,-0.6373300000000001,0.17065999999999998,1.26768,0.38738,1.21368,1
0.32315,-0.48724,1.01499,-0.27233,0.2529,-0.17454,1.0240200000000002,-0.75464,1.6596,1.52941,0.80578,-0.59055,1.60297,1
0.87739,-0.48724,1.01499,-0.27233,1.59914,0.49012,0.92455,-0.79324,1.6596,1.52941,0.80578,-2.70359,1.48674,1
0.36089,-0.48724,1.01499,-0.27233,1.36614,0.66091,0.8535,-0.6987899999999999,1.6596,1.52941,0.80578,-3.90333,0.6703399999999999,1
-0.2326,-0.48724,-0.43683,-0.27233,-0.14407,-0.26847,1.00626,-0.01674,-0.6373300000000001,-0.60068,1.1753,-1.18697,1.07644,1
-0.27457,-0.48724,-0.43683,-0.27233,-0.14407,-1.0171,1.04889,0.00136,-0.6373300000000001,-0.60068,1.1753,0.21793,1.17167,1
-0.40781,-0.48724,2.42017,-0.27233,0.46864,-0.4293,1.07376,-0.9151,-0.6373300000000001,1.79642,0.75959,0.36624,0.75856,1
-0.14348,-0.48724,1.23073,-0.27233,2.72965,-0.22008000000000005,1.11639,-1.1283299999999998,-0.52248,-0.03107,-1.7347,-2.01286,2.1211,1
1.7304700000000002,-0.48724,1.01499,-0.27233,0.9778,-3.0552,1.11639,-1.2623,1.6596,1.52941,0.80578,0.44062,3.54526,1
-0.32238,-0.48724,-0.43683,-0.27233,-0.14407,-0.97583,0.60838,0.31322,-0.6373300000000001,-0.60068,1.1753,-0.58332,0.5401100000000001,1
1.35725,-0.48724,1.01499,-0.27233,1.00369,0.51858,0.8783700000000001,-1.16357,1.6596,1.52941,0.80578,0.06951,1.48254,1
-0.38628,-0.48724,1.56744,-0.27233,0.59809,-0.15746,0.8890299999999999,-1.03677,-0.6373300000000001,0.17065999999999998,1.26768,0.34401,1.61138,1
0.7497199999999999,-0.48724,1.01499,-0.27233,0.2529,0.78046,0.91389,-0.81058,1.6596,1.52941,0.80578,-3.01599,0.98542,1
0.6644800000000001,-0.48724,1.01499,-0.27233,1.36614,-0.1418,1.07021,-0.72823,1.6596,1.52941,0.80578,0.44062,0.7669600000000001,1
-0.31765,-0.48724,1.56744,-0.27233,0.59809,-0.92175,0.9281,-0.86201,-0.6373300000000001,0.17065999999999998,1.26768,0.44062,0.79637,1
-0.39059,-0.48724,-0.61612,-0.27233,-0.92076,-1.2604799999999998,0.94942,0.9854,-0.7521800000000001,-1.03975,-0.2566,0.44062,2.54261,1
-0.23076,-0.48724,1.56744,-0.27233,0.59809,-1.8013099999999995,1.11639,-1.11869,-0.6373300000000001,0.17065999999999998,1.26768,0.44062,3.04674,1
-0.30519,-0.48724,-0.43683,-0.27233,-0.14407,-0.67125,1.11639,0.14254,-0.6373300000000001,-0.60068,1.1753,0.41477,1.01203,1
0.56718,-0.48724,1.01499,-0.27233,0.2529,0.09019,0.62259,-0.82744,1.6596,1.52941,0.80578,-2.99276,0.69835,1
-0.14473,-0.48724,1.23073,-0.27233,2.72965,-1.93368,0.96363,-1.10853,-0.52248,-0.03107,-1.7347,0.38377,2.36337,1
0.76957,-0.48724,1.01499,-0.27233,0.51179,-0.1418,0.99916,-0.77149,1.6596,1.52941,0.80578,0.25222,0.7529600000000001,1
-0.30899,-0.48724,-0.43683,-0.27233,-0.14407,-0.33821,0.71851,0.31265,-0.6373300000000001,-0.60068,1.1753,-0.5509,0.64793,1
0.68594,-0.48724,1.01499,-0.27233,1.36614,0.63102,0.90679,-0.61687,1.6596,1.52941,0.80578,-3.83367,0.8481799999999999,1
0.48116,-0.48724,1.01499,-0.27233,1.36614,0.02329,0.53733,-0.48057,1.6596,1.52941,0.80578,-0.92518,0.5009,1
-0.27681999999999995,-0.48724,-0.43683,-0.27233,-0.14407,-0.203,0.82153,0.08636,-0.6373300000000001,-0.60068,1.1753,0.44062,0.8495799999999999,1
-0.10226,-0.48724,1.23073,-0.27233,2.72965,-0.97868,0.93521,-1.07771,-0.52248,-0.03107,-1.7347,-0.05284,1.23188,1
0.73859,-0.48724,1.01499,-0.27233,1.59914,0.28517,1.11639,-0.86272,1.6596,1.52941,0.80578,0.32922,0.86779,1
-0.33288,-0.48724,-0.43683,-0.27233,-0.14407,-0.51327,0.90679,0.2871,-0.6373300000000001,-0.60068,1.1753,0.41247,0.5107,1
-0.00913,-0.48724,1.23073,3.66477,2.72965,-0.18877,0.49825,-0.97333,-0.52248,-0.03107,-1.7347,-2.94282,0.33145,1
-0.40014,0.5846899999999999,-0.8755799999999999,-0.27233,-0.87761,-0.4535,0.88192,1.43584,-0.17794,-0.73715,0.5748300000000001,0.23447,0.25023,1
0.32907,-0.48724,1.01499,-0.27233,0.2529,0.19978,0.22115,-0.75729,1.6596,1.52941,0.80578,-2.83394,-0.08725,1
0.17167000000000002,-0.48724,1.01499,-0.27233,1.36614,0.0176,0.8250799999999999,-0.67761,1.6596,1.52941,0.80578,0.31125,0.64653,1
-0.38997,-0.48724,1.56744,-0.27233,0.59809,-0.84204,0.97429,-0.953,-0.6373300000000001,0.17065999999999998,1.26768,0.38815,0.6353300000000001,1
-0.39062,-0.48724,-0.18028,-0.27233,-0.0923,-0.82496,0.32417,0.07121,-0.6373300000000001,-0.61848,-0.02565,0.43536,-0.16147,1
-0.4172,-0.48724,-1.34786,-0.27233,-0.31667,0.36345,-0.31528,1.17388,-0.98187,0.08166,-1.18041,0.3646,-0.56057,1
-0.34199,-0.48724,-0.43683,-0.27233,-0.14407,-0.67125,0.77179,0.42122,-0.6373300000000001,-0.60068,1.1753,0.22133000000000005,0.30205,1
-0.39345,-0.48724,-0.61612,-0.27233,-0.92076,-0.36241,0.60127,0.8996299999999999,-0.7521800000000001,-1.03975,-0.2566,0.39505,0.8607899999999999,1
0.8689,-0.48724,1.01499,-0.27233,1.40929,0.17985,1.11639,-0.91947,1.6596,1.52941,0.80578,-0.4154,0.33145,1
0.14624,-0.48724,1.01499,-0.27233,0.51179,0.28375,0.8890299999999999,-0.70748,1.6596,1.52941,0.80578,0.4330600000000001,0.84398,1
0.07078999999999999,-0.48724,1.01499,3.66477,1.85804,-0.6854899999999999,0.7256100000000001,-0.8977200000000001,1.6596,1.52941,0.80578,-0.039810000000000005,0.27824,1
-0.39402,-0.48724,-0.21089,-0.27233,0.26153000000000004,-0.36668,0.39522,-0.61587,-0.40764,-0.10228,0.34387,0.44062,0.23483,1
-0.41294,-0.48724,-0.98344,-0.27233,-0.97253,-0.55028,-0.57817,2.00339,-0.7521800000000001,-0.33368000000000003,0.15911,0.08693,0.00237,1
1.21341,-0.48724,1.01499,-0.27233,0.36508,0.5299699999999999,1.11639,-1.07685,1.6596,1.52941,0.80578,-3.52291,1.19967,1
-0.40262,-0.48724,2.11552,-0.27233,0.22701,-0.61005,1.00981,-0.87887,-0.8670200000000001,-1.30676,0.29768,0.14936,1.78642,1
-0.38259,-0.48724,1.56744,-0.27233,0.59809,-0.48765,0.8854700000000001,-0.86818,-0.6373300000000001,0.17065999999999998,1.26768,0.23633,0.59472,1
-0.27973000000000003,-0.48724,1.23073,-0.27233,0.43412,-0.58301,0.92455,-0.6502,-0.52248,-0.03107,-1.7347,-0.70523,0.24883,1
-0.41648,-0.48724,-0.98344,-0.27233,-0.97253,-0.38518,-0.71317,2.00339,-0.7521800000000001,-0.33368000000000003,0.15911,0.31728,-0.2973,1
-0.39943,-0.48724,-0.21089,-0.27233,0.26153000000000004,-1.01853,0.17497,-0.66255,-0.40764,-0.10228,0.34387,0.42824,0.34266,1
-0.39614,0.45606,-0.76917,-0.27233,-1.06746,-0.98437,0.28154,1.97551,-0.29279,-0.46421,0.29768,0.17324,-0.02143,1
0.00925,-0.48724,1.01499,-0.27233,1.36614,0.13004000000000002,0.70429,-0.58315,1.6596,1.52941,0.80578,0.3807,0.27964,1
-0.14911,-0.48724,1.23073,-0.27233,2.72965,-1.56363,0.89613,-1.07586,-0.52248,-0.03107,-1.7347,0.00346,2.19392,1
-0.3831,-0.48724,-0.18028,-0.27233,-0.0923,-0.52751,0.51956,0.09667,-0.6373300000000001,-0.61848,-0.02565,0.3727,0.79497,1
-0.35526,-0.48724,1.56744,-0.27233,0.59809,0.07168,1.05244,-0.79989,-0.6373300000000001,0.17065999999999998,1.26768,0.41619,0.60312,1
-0.34593,-0.48724,-0.43683,-0.27233,-0.14407,-0.26847,0.56575,0.31669,-0.6373300000000001,-0.60068,1.1753,0.25572,-0.33511,1
-0.4151,2.94293,-1.34494,-0.27233,-1.2228,-0.88474,-1.65815,3.22488,-0.6373300000000001,-0.44048,1.63721,0.28617,-0.64459,1
-0.38176,-0.48724,1.56744,-0.27233,0.59809,-0.6584399999999999,0.95297,-0.62931,-0.6373300000000001,0.17065999999999998,1.26768,0.35069,0.33285,2
-0.40356,-0.48724,-0.16424,-0.27233,-0.06641,-0.0436,0.55509,-0.73065,-0.40764,0.14099,-0.30279,0.35124,-0.30851,2
-0.39786,0.45606,-0.76917,-0.27233,-1.06746,-0.96729,0.05773,1.97551,-0.29279,-0.46421,0.29768,0.35551,0.81318,2
-0.41657,-0.48724,-0.8668299999999999,-0.27233,-0.34256,-0.55455,-0.31884,0.8643,-0.52248,-1.09315,0.80578,0.41772,-0.2931,2
-0.4116800000000001,2.0853900000000003,-1.37701,-0.27233,-1.24006,-0.5702,-1.77893,3.28405,-0.6373300000000001,0.016390000000000002,-0.07184,0.39056,-0.6809999999999999,2
-0.40274,0.5846899999999999,-0.8755799999999999,-0.27233,-0.87761,-0.77373,-0.08437,1.62907,-0.17794,-0.73715,0.5748300000000001,0.4210100000000001,0.06959,2
-0.39428,-0.48724,-0.16424,-0.27233,-0.06641,-0.27417,0.95297,-0.59222,-0.40764,0.14099,-0.30279,0.44062,0.62133,2
-0.40577,-0.48724,-0.16424,-0.27233,-0.06641,-0.52893,0.86416,-0.6846300000000001,-0.40764,0.14099,-0.30279,0.41926,0.4981,2
-0.40865,-0.48724,2.11552,-0.27233,0.22701,-0.5773199999999999,0.96718,-0.8494700000000001,-0.8670200000000001,-1.30676,0.29768,0.24871,0.68994,2
-0.41852,2.72855,-1.04029,-0.27233,-1.24869,-0.5645100000000001,-0.7451399999999999,1.67386,-0.7521800000000001,0.36053,1.22149,0.44062,0.30065,2
-0.41371,-0.48724,-0.8668299999999999,-0.27233,-0.34256,-0.42645,-0.8233,0.48305,-0.52248,-1.09315,0.80578,0.44062,-0.40793,2
0.01877,-0.48724,1.01499,-0.27233,0.86561,-0.47342,0.57285,-0.43859,1.6596,1.52941,0.80578,-3.66575,0.62973,2
1.3907,-0.48724,1.01499,-0.27233,0.21838,-0.51043,0.08615,-0.42107,1.6596,1.52941,0.80578,0.13216,0.7669600000000001,2
-0.4124100000000001,-0.48724,-1.15107,-0.27233,-0.8172,-0.59297,-1.5196,0.67415,-0.6373300000000001,0.12913,-0.71851,0.28223000000000004,-0.37572,2
-0.39455,-0.48724,-0.61612,-0.27233,-0.92076,-0.97156,-0.23358,1.08878,-0.7521800000000001,-1.03975,-0.2566,0.44062,0.4967,2
-0.4150100000000001,2.94293,-1.13213,-0.27233,-1.35225,-0.70826,-1.33131,1.33753,-0.6373300000000001,-0.42268,-1.0880299999999998,0.44062,-0.33791,2
-0.38945,-0.48724,-0.3756,-0.27233,-0.29941,-0.07918,0.80377,-0.5936,-0.52248,-0.14381,1.12911,0.37851,0.40567,2
-0.17024,-0.48724,1.23073,-0.27233,2.72965,-0.81927,1.0631,-1.03141,-0.52248,-0.03107,-1.7347,-1.03756,0.43928,2
-0.38968,-0.48724,-0.18028,-0.27233,-0.0923,-0.37237,0.77535,-0.4564,-0.6373300000000001,-0.61848,-0.02565,0.43404,-0.13066,2
-0.41607,1.01346,-0.74002,-0.27233,-1.00792,-0.36099,-1.60841,1.3514,-0.98187,-0.61848,-0.71851,0.06108,-0.6754,2
-0.40468,-0.48724,-0.3756,-0.27233,-0.29941,-0.61717,0.99916,-0.8017,-0.52248,-0.14381,1.12911,0.4094,0.53451,2
-0.4002,-0.48724,-0.3756,-0.27233,-0.29941,-0.63852,0.82863,-0.75226,-0.52248,-0.14381,1.12911,0.42714,0.8411799999999999,2
-0.41612,-0.48724,-0.8668299999999999,-0.27233,-0.34256,-0.59155,-0.79133,0.68198,-0.52248,-1.09315,0.80578,0.44062,-0.39953,2
0.35359,-0.48724,1.01499,-0.27233,1.36614,0.04606,0.51246,-0.5037,1.6596,1.52941,0.80578,0.44062,0.18722,2
-0.32105,-0.48724,-0.43683,-0.27233,-0.14407,-0.45492,0.7327199999999999,0.10318,-0.6373300000000001,-0.60068,1.1753,0.39275,0.16480999999999998,2
-0.40809,0.5846899999999999,-0.8755799999999999,-0.27233,-0.87761,-0.509,-0.75935,1.48974,-0.17794,-0.73715,0.5748300000000001,0.44062,-0.48075,2
-0.24614,-0.48724,1.23073,-0.27233,2.72965,-1.25336,1.11639,-1.04641,-0.52248,-0.03107,-1.7347,-0.16510999999999998,0.08778999999999999,2
-0.40979,0.41318,-0.80124,-0.27233,-0.99842,-0.45777,-0.8126399999999999,1.43403,-0.6373300000000001,-0.98042,-0.7647,0.42594,0.1116,2
-0.38643,-0.48724,-0.21089,-0.27233,0.26153000000000004,-1.27329,0.15365,-0.47321,-0.40764,-0.10228,0.34387,0.44062,1.18847,2
-0.40522,-0.48724,-0.3756,-0.27233,-0.29941,0.26951,1.01337,-0.64688,-0.52248,-0.14381,1.12911,0.42243,-0.05364,2
-0.41482,-0.48724,-1.15107,-0.27233,-0.8172,-0.20016,-1.29223,0.98711,-0.6373300000000001,0.12913,-0.71851,0.1303,-0.49895,2
0.08548,-0.48724,1.01499,-0.27233,0.21838,-0.16742,0.54798,-0.3617,1.6596,1.52941,0.80578,0.44062,0.5093,2
-0.3982,-0.48724,-0.61612,-0.27233,-0.92076,-0.70968,-1.25316,0.6199100000000001,-0.7521800000000001,-1.03975,-0.2566,0.44062,0.20962,2
-0.4083,-0.48724,0.24681,-0.27233,-1.01568,-0.008020000000000001,0.21049,0.12212,-0.52248,-0.06074,0.11292,0.18606,-0.09565,2
-0.36945,-0.48724,-0.0797,3.66477,-0.56693,-1.33876,1.11639,0.03797,-0.6373300000000001,-0.77868,0.06673,0.44062,1.46154,2
0.37059,-0.48724,1.01499,-0.27233,1.36614,-0.28982,0.56219,-0.51172,1.6596,1.52941,0.80578,0.44062,0.28664,2
-0.40716,-0.48724,2.42017,-0.27233,0.46864,-0.4293,0.53022,-0.80027,-0.6373300000000001,1.79642,0.75959,0.44062,0.0976,2
-0.32678,-0.48724,-0.43683,-0.27233,-0.14407,-1.17935,-1.13592,0.0006900000000000001,-0.6373300000000001,-0.60068,1.1753,-0.74138,-0.13485999999999998,2
0.25665,-0.48724,1.01499,-0.27233,1.36614,0.32502,0.75758,-0.47179,1.6596,1.52941,0.80578,0.40688,-0.33091,2
-0.41035,-0.48724,0.24681,-0.27233,-1.01568,-0.58444,-1.13592,0.33602,-0.52248,-0.06074,0.11292,0.43141,-0.49755,2
-0.40371,-0.48724,0.4057,-0.27233,-1.01568,-0.70399,-0.37568,1.1991,-0.6373300000000001,-0.70748,-1.13422,0.44062,0.44628,2
-0.37948,-0.48724,-0.18028,-0.27233,-0.0923,-0.44496,0.28865,-0.32889,-0.6373300000000001,-0.61848,-0.02565,0.43339,-0.37572,2
-0.34689000000000003,-0.48724,-0.43683,-0.27233,-0.14407,-0.47769,-0.24068,0.43333,-0.6373300000000001,-0.60068,1.1753,0.44062,-0.6151800000000001,2
-0.40485,-0.48724,-0.3756,-0.27233,-0.29941,-0.22435,0.5906100000000001,-0.7943399999999999,-0.52248,-0.14381,1.12911,0.33973000000000003,0.20122,2
-0.40929,-0.48724,2.11552,-0.27233,0.22701,-0.46061,0.86416,-0.8112,-0.8670200000000001,-1.30676,0.29768,0.23458,0.7389600000000001,2
-0.41511,0.71332,0.56895,-0.27233,-0.78268,-0.05072,0.30996,-0.0855,-0.6373300000000001,-0.8202200000000001,-0.11803,0.44062,-0.2889,2
-0.41626,-0.48724,-0.8668299999999999,-0.27233,-0.34256,-0.32113,-1.11105,0.48305,-0.52248,-1.09315,0.80578,0.43229,-0.58017,2
-0.40771,2.94293,-1.34494,-0.27233,-1.2228,-0.49619,-1.74341,3.22488,-0.6373300000000001,-0.44048,1.63721,0.21213,-0.99188,2
0.14207999999999998,-0.48724,1.01499,-0.27233,0.24427,-0.5403100000000001,-0.5462,-0.30524,1.6596,1.52941,0.80578,0.34554,-0.16847,2
-0.41484,-0.48724,0.11562,-0.27233,0.15797,-0.23432,0.28865,-0.7159300000000001,-0.98187,-0.80242,1.1753,0.44062,-0.50035,2
-0.41576,-0.48724,-0.8668299999999999,-0.27233,-0.34256,0.0361,-1.06842,1.26483,-0.52248,-1.09315,0.80578,0.35846,-0.8266399999999999,2
0.9806,-0.48724,1.01499,-0.27233,0.51179,-0.90609,0.67587,-0.87564,1.6596,1.52941,0.80578,-0.71334,0.20262,2
-0.4052,0.04872,-0.73856,-0.27233,-1.25732,-0.5687800000000001,-1.26381,1.2836299999999998,-0.6373300000000001,-0.37521,0.2053,0.44062,-0.54096,2
-0.30356,-0.48724,-0.43683,-0.27233,-0.14407,0.55416,0.66522,0.21083,-0.6373300000000001,-0.60068,1.1753,0.25802,-0.09425,2
-0.41078,-0.48724,-0.75459,-0.27233,-0.48064,-0.61859,-0.96185,0.06609,-0.52248,-0.76682,0.34387,0.44062,-0.54377,2
-0.36482,-0.48724,-0.18028,-0.27233,-0.0923,-0.24428,-0.34726,0.09824,-0.6373300000000001,-0.61848,-0.02565,0.43328,0.01077,2
-0.38532,0.3703,-0.60883,-0.27233,-0.78268,-0.61005,-0.94053,0.30107,-0.7521800000000001,-1.09909,0.06673,0.35025,0.04858,2
-0.40584,-0.48724,-0.61612,-0.27233,-0.92076,-0.3069,-1.01514,0.91459,-0.7521800000000001,-1.03975,-0.2566,0.35835,-0.43454,2
-0.41354,-0.48724,0.24681,-0.27233,-1.01568,-0.07491,-0.5284399999999999,0.5789300000000001,-0.52248,-0.06074,0.11292,0.3256,-0.04384,2
0.0069900000000000006,-0.48724,1.01499,-0.27233,0.24427,0.03895,-0.59238,0.09339,1.6596,1.52941,0.80578,0.34992,-0.2903,2
-0.40904,-0.48724,0.24681,-0.27233,-1.01568,0.00194,-0.8375100000000001,0.33602,-0.52248,-0.06074,0.11292,0.29088,-0.5199600000000001,2
-0.40045,-0.48724,2.11552,-0.27233,0.22701,-0.42503,0.70429,-0.8558399999999999,-0.8670200000000001,-1.30676,0.29768,0.31049,0.30205,2
0.49128,-0.48724,1.01499,-0.27233,0.86561,-0.10765,-0.11279000000000003,-0.39495,1.6596,1.52941,0.80578,0.44062,0.07939,2
1.24631,-0.48724,1.01499,-0.27233,0.51179,-0.07918,0.69008,-0.87564,1.6596,1.52941,0.80578,0.29187,0.06398999999999999,2
-0.22751,-0.48724,1.23073,-0.27233,2.72965,-0.23147,1.02047,-1.03388,-0.52248,-0.03107,-1.7347,0.17664000000000002,0.20262,2
-0.40723,-0.48724,0.40132,3.66477,-0.04052,-0.47485,0.89613,-0.43014,-0.52248,-0.78462,-0.94946,0.44062,0.73756,2
-0.41693,-0.48724,-0.5927899999999999,-0.27233,-0.73953,0.19408,0.3668,0.55661,-0.8670200000000001,-0.98635,-0.30279,0.44062,-0.49195,2
-0.4092,0.04872,-0.47618,-0.27233,-0.26489,-0.56309,-1.05066,0.78637,-0.52248,-0.57695,-1.50375,0.37051,0.42808,2
-0.40164,-0.48724,-0.04763,-0.27233,-1.2228,-0.46061,-1.81446,0.70867,-0.6373300000000001,-0.61255,0.34387,0.22198,-0.38833,2
-0.40755,-0.48724,-0.3756,-0.27233,-0.29941,-0.12757000000000002,-0.50357,-0.48309,-0.52248,-0.14381,1.12911,0.40326,0.04858,2
-0.3727,-0.48724,-0.7196100000000001,3.66477,-0.4116,-0.17169,0.8073199999999999,-0.35477,-0.17794,-0.60068,-0.4875600000000001,0.42243,1.23328,2
-0.41057,-0.48724,0.4057,-0.27233,-1.01568,-0.3923,-0.93343,0.81097,-0.6373300000000001,-0.70748,-1.13422,0.44062,-0.31551,2
0.02746,-0.48724,1.01499,3.66477,1.85804,0.15708,0.79666,-0.61255,1.6596,1.52941,0.80578,0.37971,0.08639,2
-0.4145,2.94293,-1.09277,-0.27233,-1.40402,-0.25139,-1.29934,2.57645,-0.98187,-0.5532100000000001,-0.94946,0.39669,-0.8518399999999999,2
0.0097,-0.48724,1.01499,-0.27233,1.40929,-1.88102,0.81087,-0.9701,1.6596,1.52941,0.80578,-0.4452,0.18862,2
-0.41553,-0.48724,-1.12629,-0.27233,-0.56693,0.17131,0.18918,-0.33383,-0.8670200000000001,-0.8202200000000001,-0.30279,0.40392,-0.62359,2
-0.41208,-0.48724,2.11552,-0.27233,0.22701,-0.59013,0.03997,-0.7300800000000001,-0.8670200000000001,-1.30676,0.29768,0.35573,0.24043,2
-0.40736,-0.48724,0.11562,-0.27233,0.15797,0.72495,0.73627,-0.66778,-0.98187,-0.80242,1.1753,0.40283,-0.86445,2
-0.32821,-0.48724,-0.18028,-0.27233,-0.0923,-0.23147,-0.5604100000000001,-0.5483899999999999,-0.6373300000000001,-0.61848,-0.02565,0.44062,-0.93446,2
-0.41179,-0.48724,-0.96887,-0.27233,-0.91213,-0.23289,-0.41831,-0.02253,-0.7521800000000001,-0.95669,0.02054,0.42145,-0.5899800000000001,2
-0.40814,0.79907,-0.90473,-0.27233,-1.09335,0.10442,-0.55686,1.53889,-0.40764,-0.64222,-0.85708,0.17609,-0.20068,2
-0.41282,-0.48724,0.11562,-0.27233,0.15797,0.43888,0.01865,-0.6251800000000001,-0.98187,-0.80242,1.1753,0.38683,-0.4177300000000001,2
-0.39081,-0.48724,-0.0797,-0.27233,-0.56693,-0.71395,0.14655,0.26588,-0.6373300000000001,-0.77868,0.06673,0.35879,0.75716,2
-0.41258,2.51416,-1.29684,-0.27233,-1.33499,0.08592000000000001,-1.72209,1.91515,-0.52248,-0.29808,-1.68851,0.12669,-1.0759,2
-0.40424,-0.48724,-0.0797,-0.27233,-0.56693,-0.56024,-1.6439400000000002,0.0714,-0.6373300000000001,-0.77868,0.06673,0.44062,-0.24969,2
-0.41228,-0.48724,-1.15107,-0.27233,-0.8172,0.06884,-1.82511,0.67415,-0.6373300000000001,0.12913,-0.71851,0.20303,-0.74402,2
0.07531,-0.48724,1.01499,-0.27233,1.85804,-0.2457,0.45206,-0.61069,1.6596,1.52941,0.80578,0.37314,0.00237,2
0.18465,-0.48724,1.01499,3.66477,1.85804,-0.22435,0.52667,-0.50925,1.6596,1.52941,0.80578,0.4245100000000001,-0.16427,2
-0.40945,-0.48724,-0.04763,-0.27233,-1.2228,-0.31259000000000003,-2.15905,0.70867,-0.6373300000000001,-0.61255,0.34387,0.375,-0.99888,2
-0.40838,-0.48724,-0.16424,-0.27233,-0.06641,0.61252,0.46272,-0.53072,-0.40764,0.14099,-0.30279,0.42627,-0.34912,2
-0.40984,0.04872,-0.47618,-0.27233,-0.26489,-0.38803,-0.07016,0.83841,-0.52248,-0.57695,-1.50375,0.42638,-0.03124,2
-0.41288,1.22785,-1.44115,-0.27233,-1.08472,0.29229,-0.85882,2.3731,-0.98187,-0.43455,0.5748300000000001,0.44062,-0.93446,2
-0.3515,-0.48724,1.56744,-0.27233,0.59809,0.12434,1.04179,-0.69698,-0.6373300000000001,0.17065999999999998,1.26768,0.31859,-0.21468,2
0.25699,-0.48724,1.01499,-0.27233,-0.19585,-0.06068,-0.13766,-0.17611,1.6596,1.52941,0.80578,0.44062,-0.2679,2
-0.29757,-0.48724,-0.43683,-0.27233,-0.14407,-0.49762,-1.39526,0.33412,-0.6373300000000001,-0.60068,1.1753,0.33053,-0.85044,2
-0.40393,-0.48724,-1.033,-0.27233,-0.38571,-1.01426,0.70785,-0.56938,-0.52248,-0.66595,-0.85708,0.44062,0.28524,2
-0.41793,3.15732,-1.01843,-0.27233,-1.08472,0.32929,-1.4521,2.2511400000000004,-0.6373300000000001,-0.33961,-0.2566,0.39165,-0.88125,2
-0.39929,-0.48724,-0.21089,-0.27233,0.26153000000000004,-0.8747799999999999,-1.4130200000000002,-0.47321,-0.40764,-0.10228,0.34387,0.40107,0.69275,2
-0.41194,-0.48724,-1.033,-0.27233,-0.38571,-0.37664,-0.75935,-0.11404,-0.52248,-0.66595,-0.85708,0.40042,-0.35612,2
0.19526,-0.48724,1.01499,-0.27233,1.25395,-0.33252,0.49469,-0.77278,1.6596,1.52941,0.80578,0.23776,0.85519,2
-0.00521,-0.48724,1.01499,-0.27233,0.21838,0.21685,0.22825,-0.42672,1.6596,1.52941,0.80578,0.40195,0.23903,2
-0.40215,0.5846899999999999,-0.8755799999999999,-0.27233,-0.87761,-0.19873,-1.39881,1.90898,-0.17794,-0.73715,0.5748300000000001,0.37249,-0.81123,2
-0.25443000000000005,-0.48724,1.23073,-0.27233,2.72965,0.32075,1.11639,-0.96364,-0.52248,-0.03107,-1.7347,0.08363999999999999,-0.73701,2
-0.40935,0.79907,-0.90473,-0.27233,-1.09335,0.45738,-0.93698,1.13732,-0.40764,-0.64222,-0.85708,0.29691,-0.7398100000000001,2
-0.41431,0.41318,-0.80124,-0.27233,-0.99842,-0.40795,-1.6759099999999998,1.43403,-0.6373300000000001,-0.98042,-0.7647,0.44062,-0.59138,2
-0.39739,-0.48724,-0.04763,-0.27233,-1.2228,-0.05641,-2.2158900000000004,0.70867,-0.6373300000000001,-0.61255,0.34387,0.2245,-0.71601,2
-0.41352,-0.48724,-1.12629,-0.27233,-0.56693,1.02811,0.62969,-0.1773,-0.8670200000000001,-0.8202200000000001,-0.30279,0.44062,-1.00168,2
-0.38644,-0.48724,-0.0797,-0.27233,-0.56693,-1.24198,-2.088,-0.09856,-0.6373300000000001,-0.77868,0.06673,-0.08482,2.36617,2
-0.41052,0.79907,-0.90473,-0.27233,-1.09335,0.27948,-1.77893,1.13732,-0.40764,-0.64222,-0.85708,0.24904,-0.88125,2
-0.40527,0.79907,-0.90473,-0.27233,-1.09335,0.15423,-2.15905,1.53889,-0.40764,-0.64222,-0.85708,0.19756,-1.04509,2
0.24352,-0.48724,1.01499,-0.27233,-0.19585,0.66233,0.2247,-0.22004,1.6596,1.52941,0.80578,0.39866,-0.688,2
-0.2108,-0.48724,1.23073,-0.27233,0.43412,-0.58017,0.37746,-0.6502,-0.52248,-0.03107,-1.7347,-1.41371,-0.07185,2
-0.37718,-0.48724,-0.18028,-0.27233,-0.0923,0.40188,0.66522,-0.09153,-0.6373300000000001,-0.61848,-0.02565,0.42736,-0.47235,2
-0.40062,-0.48724,-0.54761,-0.27233,-0.53242,0.2012,-0.57817,0.35397,-0.52248,-0.71935,0.52864,0.44062,-0.76362,2
-0.4149100000000001,0.5846899999999999,-0.91494,-0.27233,-1.11061,0.47589,0.06484,0.76253,-0.6373300000000001,-0.75495,0.25149,0.4267,-0.7608199999999999,2
-0.41049,-0.48724,0.4057,-0.27233,-1.01568,-0.22435,-1.7824799999999998,0.81097,-0.6373300000000001,-0.70748,-1.13422,0.44062,-0.5703699999999999,2
-0.41937,0.28455,-1.28664,-0.27233,-0.14407,0.41326,-0.11989,0.14007,-0.98187,-0.66595,-1.45756,0.44062,-1.0745,2
-0.4108600000000001,2.0853900000000003,-1.37701,-0.27233,-1.24006,0.4189600000000001,-1.16079,3.28405,-0.6373300000000001,0.016390000000000002,-0.07184,0.15450999999999998,-1.00308,2
-0.40984,-0.48724,-0.04763,-0.27233,-1.2228,0.18839,-2.20168,0.70867,-0.6373300000000001,-0.61255,0.34387,0.29636,-0.8308399999999999,2
-0.26399,-0.48724,1.23073,-0.27233,0.43412,-0.31117,1.11639,-0.96772,-0.52248,-0.03107,-1.7347,-0.03049,-0.87145,2
-0.35767,-0.48724,-0.7196100000000001,-0.27233,-0.43749,-0.43215,-0.01687,-0.058670000000000014,-0.17794,-0.60068,-0.4875600000000001,0.23743000000000006,-0.14046,3
-0.3934,-0.48724,-0.0797,-0.27233,-0.56693,0.05887000000000001,-0.57107,0.26588,-0.6373300000000001,-0.77868,0.06673,0.41838,-0.23569,3
-0.40379,0.45606,-0.76917,-0.27233,-1.06746,0.28802,-1.97432,1.71042,-0.29279,-0.46421,0.29768,0.43382,-0.94567,3
-0.40099,0.45606,-0.76917,-0.27233,-1.06746,0.21116,-0.69185,1.91454,-0.29279,-0.46421,0.29768,0.19756,-0.43874,3
-0.3978,-0.48724,-0.54761,-0.27233,-0.53242,0.20831,-1.91393,0.76974,-0.52248,-0.71935,0.52864,0.40535,-1.0605,3
-0.39975,-0.48724,-0.75459,-0.27233,-0.48064,-0.4535,-1.3632799999999998,0.02482,-0.52248,-0.76682,0.34387,0.40261,-0.35332,3
-0.40157,-0.48724,-0.61612,-0.27233,-0.92076,-0.1048,-2.2052400000000003,0.91459,-0.7521800000000001,-1.03975,-0.2566,0.41389,-0.73001,3
-0.39521,0.45606,-0.76917,-0.27233,-1.06746,0.21828000000000006,-2.11998,1.71042,-0.29279,-0.46421,0.29768,0.22341,-1.26915,3
-0.41511,1.76381,-0.84788,-0.27233,-1.29184,0.39903,-1.6226200000000002,1.67267,-0.40764,-0.68375,-0.85708,0.16480999999999998,-0.44014,3
-0.41387,0.41318,-0.80124,-0.27233,-0.99842,0.32217,-1.68657,1.43403,-0.6373300000000001,-0.98042,-0.7647,0.44062,-1.03249,3
-0.4054,0.5846899999999999,-0.8755799999999999,-0.27233,-0.87761,0.6794100000000001,-0.89435,1.98786,-0.17794,-0.73715,0.5748300000000001,0.42616,-0.44154,3
-0.41676,0.71332,0.56895,-0.27233,-0.78268,-0.1048,-1.40947,-0.06133,-0.6373300000000001,-0.8202200000000001,-0.11803,0.43437,-0.90226,3
-0.08016000000000001,-0.48724,1.23073,-0.27233,0.43412,-0.26136,0.86771,-0.7178800000000001,-0.52248,-0.03107,-1.7347,-1.27624,-0.39813,3
-0.39708,-0.48724,-0.0797,-0.27233,-0.56693,-0.14607,-0.92987,0.0714,-0.6373300000000001,-0.77868,0.06673,0.4048,-0.44574,3
0.10793,-0.48724,1.01499,-0.27233,1.85804,0.16135,0.69008,-0.60637,1.6596,1.52941,0.80578,0.19591,-0.6809999999999999,3
0.24619,-0.48724,1.01499,-0.27233,-0.19585,1.10496,0.29931,-0.18257,1.6596,1.52941,0.80578,0.42287,-0.79023,3
-0.35958,-0.48724,-0.7196100000000001,3.66477,-0.4116,0.49296,0.28154,0.16762,-0.17794,-0.60068,-0.4875600000000001,0.34806,-0.43594,3
-0.40126,0.3703,-0.60883,-0.27233,-0.78268,-0.06352999999999999,-1.85709,0.30107,-0.7521800000000001,-1.09909,0.06673,0.44062,-0.84904,3
-0.40933,0.97058,-0.73564,-0.27233,-1.0502,0.2994,-1.7824799999999998,0.80574,-0.29279,-0.47015,-1.0880299999999998,0.29504,-0.55777,3
-0.40681,-0.48724,-0.3756,-0.27233,-0.29941,0.70645,0.09681,-0.4459,-0.52248,-0.14381,1.12911,0.42616,-0.6978,3
-0.41343,-0.48724,-0.96887,-0.27233,-0.91213,0.49154,-0.44318,0.3052,-0.7521800000000001,-0.95669,0.02054,0.39023,-0.85744,3
-0.41673,1.22785,-1.44115,-0.27233,-1.08472,0.93133,-1.21053,2.3731,-0.98187,-0.43455,0.5748300000000001,0.36339,-0.94707,3
-0.4033,0.04872,-0.47618,-0.27233,-0.26489,-0.16030999999999998,0.97784,1.02362,-0.52248,-0.57695,-1.50375,0.44062,0.9098,3
-0.40282,-0.48724,-0.3756,-0.27233,-0.29941,0.6296,0.40233,-0.48309,-0.52248,-0.14381,1.12911,0.41718,-0.45274,3
-0.34761,-0.48724,-0.7196100000000001,3.66477,-0.4116,0.84593,0.32417,-0.24835,-0.17794,-0.60068,-0.4875600000000001,0.36931,-0.38132,3
0.10956,-0.48724,1.01499,-0.27233,1.40929,-3.87641,0.68653,-1.03616,1.6596,1.52941,0.80578,-0.02162,-0.77482,3
1.25847,-0.48724,1.01499,-0.27233,0.36508,0.8075,1.11639,-1.1063,1.6596,1.52941,0.80578,-1.94221,0.99802,3
-0.4159,2.94293,-0.90182,-0.27233,-1.24006,0.49154,-1.60486,0.62765,-0.6373300000000001,-0.96855,0.34387,0.44062,-1.11371,3
0.96931,-0.48724,1.01499,-0.27233,0.9001299999999999,-0.96302,1.11639,-1.19192,1.6596,1.52941,0.80578,-0.26928,-0.07325,3
-0.40591,-0.48724,-1.20209,-0.27233,-0.94665,0.48443,-0.38278,-0.1424,-0.8670200000000001,-0.78462,-0.21041,0.0143,-0.8406399999999999,3
-0.41373,0.92771,-1.30559,-0.27233,-0.7136399999999999,0.47162,-0.37213,-0.20185,-0.29279,-1.10502,-0.02565,0.40184,-0.52136,3
-0.41603,2.94293,-0.90182,-0.27233,-1.24006,0.82031,-1.44499,0.62765,-0.6373300000000001,-0.96855,0.34387,0.44062,-1.30556,3
-0.40507,-0.48724,0.4057,-0.27233,-1.01568,0.55986,-1.33131,1.02833,-0.6373300000000001,-0.70748,-1.13422,0.44062,-0.89385,3
-0.41663,-0.48724,-1.30559,-0.27233,-0.8344600000000001,0.20689,-0.35081,1.07667,-0.7521800000000001,-1.10502,0.11292,0.41017,-1.04229,3
-0.41195,-0.48724,0.40132,-0.27233,-0.04052,0.50862,0.58706,-0.17759,-0.52248,-0.78462,-0.94946,0.39549,-0.41493,3
-0.36803,-0.48724,-0.7196100000000001,3.66477,-0.4116,0.62817,-0.07371,-0.06798,-0.17794,-0.60068,-0.4875600000000001,0.03862,-0.64459,3
-0.41083,1.22785,-0.6890000000000001,-0.27233,-0.92939,0.2809,-1.29579,0.16396,-0.6373300000000001,-0.91515,-0.39518,0.44062,-0.76502,3
-0.41235,-0.48724,-1.033,-0.27233,-0.38571,0.37199,-1.26026,-0.31474,-0.52248,-0.66595,-0.85708,0.37555,-1.02549,3
-0.41238,-0.48724,-1.033,-0.27233,-0.38571,0.81889,0.20694,-0.41779,-0.52248,-0.66595,-0.85708,0.37895,-0.80283,3
-0.34864,-0.48724,-0.7196100000000001,-0.27233,-0.4116,0.4744600000000001,0.4343,-0.24835,-0.17794,-0.60068,-0.4875600000000001,0.44062,-0.7076100000000001,3
-0.34376,0.3703,-1.04467,-0.27233,0.79657,0.79327,1.11639,-0.8473799999999999,-0.52248,-0.85582,-2.51994,0.38618,-0.8056300000000001,3
-0.41811,3.3717,-1.32891,-0.27233,-1.24869,0.63102,-1.1536799999999998,3.9566,-0.52248,-1.31269,-0.67232,0.30435,-1.14172,3
-0.32876,0.3703,-1.04467,-0.27233,0.79657,1.03807,0.5693,-0.78935,-0.52248,-0.85582,-2.51994,0.30008,0.29925,3
-0.41689,2.72855,-1.19335,-0.27233,-1.09335,0.44173,-1.6617,0.76272,-0.7521800000000001,-0.92702,-0.07184,0.4267,-1.1669200000000002,3
-0.32416,0.3703,-1.04467,-0.27233,0.79657,1.48355,0.9209999999999999,-0.81504,-0.52248,-0.85582,-2.51994,0.4025,-0.19648,3
-0.41756,2.0853900000000003,-1.19626,-0.27233,-1.32636,0.73349,-2.08445,1.15142,-0.98187,-0.84988,-1.31899,0.40195,-1.0675,3
-0.3606,-0.48724,-0.7196100000000001,-0.27233,-0.4116,1.52767,0.10747,0.16762,-0.17794,-0.60068,-0.4875600000000001,0.3658,-1.10951,3
-0.36628,-0.48724,-0.7196100000000001,-0.27233,-0.43749,1.6045200000000002,0.29575,-0.058670000000000014,-0.17794,-0.60068,-0.4875600000000001,0.21322,-1.03669,3
-0.41095,1.44223,-1.12192,-0.27233,-1.01568,0.7078800000000001,-0.97606,-0.00306,-0.52248,-0.06074,-1.50375,0.40743,-0.83644,3
-0.40894,1.22785,-0.6890000000000001,-0.27233,-0.92939,0.81035,-0.91566,0.22427,-0.6373300000000001,-0.91515,-0.39518,0.44062,-1.35457,3
-0.41354,1.22785,-0.6890000000000001,3.66477,-0.92939,0.67372,-1.26737,0.13419,-0.6373300000000001,-0.91515,-0.39518,0.44062,-1.27755,3
-0.40847,-0.48724,-1.2647700000000002,-0.27233,-0.5755600000000001,0.39618,0.96008,-0.45022,-0.7521800000000001,-1.27709,-0.30279,0.44062,-0.97647,3
-0.41803,3.58609,-1.40908,-0.27233,-1.3091,1.21028,-1.94235,1.83233,-0.7521800000000001,-0.03701,-0.67232,0.3026,-1.14872,3
-0.41783,0.26311,-1.4222,-0.27233,-1.19605,1.16616,-0.32239,2.57768,-0.7521800000000001,-1.14062,0.06673,0.40053,-0.64459,3
-0.41298,1.22785,-0.6890000000000001,3.66477,-0.92939,0.7705,-1.45565,0.50708,-0.6373300000000001,-0.91515,-0.39518,0.40283,-1.18933,3
-0.40848,0.97058,-0.73564,-0.27233,-1.0502,0.99253,-1.80735,0.80574,-0.29279,-0.47015,-1.0880299999999998,0.36975,-1.0913,3
-0.41213,-0.48724,-1.20209,-0.27233,-0.94665,1.61022,-0.21581,-0.1424,-0.8670200000000001,-0.78462,-0.21041,0.44062,-0.90506,3
-0.41138,0.92771,-1.30559,-0.27233,-0.7136399999999999,1.61591,0.11813,-0.33046,-0.29279,-1.10502,-0.02565,0.44062,-0.86585,3
-0.35731,0.3703,-1.04467,-0.27233,0.79657,1.30706,0.46983,-0.79923,-0.52248,-0.85582,-2.51994,0.39571,-0.42894,3
-0.4162,2.72855,-1.19335,-0.27233,-1.09335,1.0523,-1.87485,0.76272,-0.7521800000000001,-0.92702,-0.07184,0.4266,-1.4946,3
-0.41644,3.58609,-1.40908,-0.27233,-1.3091,0.98256,-1.89261,1.83233,-0.7521800000000001,-0.03701,-0.67232,0.44062,-1.13331,3
-0.39564,0.3703,-1.13796,-0.27233,-0.96477,0.75057,-1.29223,0.14515999999999998,-0.52248,-1.14062,-1.64232,0.44062,-1.0927,3
-0.41858,3.3717,-1.44552,-0.27233,-1.3091,1.37253,-1.65815,2.32775,-0.52248,-1.08129,-0.2566,0.42999,-1.0983,3
-0.41579,0.3703,-1.13796,-0.27233,-0.96477,0.9726,-1.11461,0.6884399999999999,-0.52248,-1.14062,-1.64232,0.38946,-1.12911,3
-0.34296,0.3703,-1.04467,-0.27233,0.79657,1.49209,1.11639,-0.90252,-0.52248,-0.85582,-2.51994,0.29154,-0.6809999999999999,3
-0.41209,-0.48724,-1.2647700000000002,-0.27233,-0.5755600000000001,-0.20016,-0.22647,-0.56852,-0.7521800000000001,-1.27709,-0.30279,0.44062,-0.44854,3
-0.35615,0.3703,-1.04467,-0.27233,0.79657,1.31133,0.81798,-0.88566,-0.52248,-0.85582,-2.51994,0.34192,-0.63759,3
-0.40956,1.44223,-1.12192,-0.27233,-1.01568,0.94841,-1.6723599999999998,1.27499,-0.52248,-0.06074,-1.50375,0.23009,-1.05769,3
-0.41093,2.94293,-0.90182,-0.27233,-1.24006,1.22879,-1.4521,0.62765,-0.6373300000000001,-0.96855,0.34387,0.44062,-1.27335,3
-0.27785,-0.48724,1.23073,-0.27233,0.43412,0.93702,1.0240200000000002,-0.91073,-0.52248,-0.03107,-1.7347,0.07400000000000001,-1.12911,3
-0.35322,-0.48724,-0.7196100000000001,-0.27233,-0.4116,2.92103,0.16785999999999998,0.02059,-0.17794,-0.60068,-0.4875600000000001,0.32024,-1.42599,3
-0.37721,0.45606,-0.76917,-0.27233,-1.06746,2.81002,-2.13774,2.42752,-0.29279,-0.46421,0.29768,0.44062,-1.27615,3
-0.35726,0.3703,-1.04467,-0.27233,0.17523,1.68707,-0.56752,-0.43835,-0.52248,-0.85582,-2.51994,0.36832,-1.32936,3
-0.41058,-0.48724,-1.20209,-0.27233,-0.94665,2.18521,-1.12526,-0.1424,-0.8670200000000001,-0.78462,-0.21041,0.4037,-1.27195,3
-0.38344,-0.48724,-0.7196100000000001,-0.27233,-0.43749,2.81998,0.34549,-0.42771,-0.17794,-0.60068,-0.4875600000000001,0.31082,-1.19213,3
-0.41594,0.3703,-1.13796,-0.27233,-0.96477,2.18521,-0.14476,0.42725,-0.52248,-1.14062,-1.64232,0.33557,-1.24534,3
-0.41298,0.3703,-1.13796,3.66477,-0.96477,1.93614,-0.6705399999999999,0.67286,-0.52248,-1.14062,-1.64232,0.22341,-1.35037,3
-0.41602,3.58609,-1.2327,-0.27233,-1.19605,2.23218,-1.25671,0.62827,-0.6373300000000001,-1.09315,-1.7347,0.39549,-1.23834,3
-0.35963,0.3703,-1.04467,-0.27233,0.79657,3.00785,0.81442,-0.71546,-0.52248,-0.85582,-2.51994,0.33064,-0.94427,3
-0.24997,-0.48724,1.23073,-0.27233,0.43412,1.7141099999999998,0.78956,-0.8662799999999999,-0.52248,-0.03107,-1.7347,0.19449,-1.52961,3
-0.20691,-0.48724,1.23073,3.66477,0.43412,2.15959,1.05244,-0.83314,-0.52248,-0.03107,-1.7347,0.36076,-1.50301,3
-0.2435,-0.48724,1.23073,3.66477,0.43412,2.97511,0.8996799999999999,-0.77553,-0.52248,-0.03107,-1.7347,0.34806,-1.30696,3
-0.41359,-0.48724,-1.2647700000000002,-0.27233,-0.5755600000000001,2.20087,-0.53199,-0.28297,-0.7521800000000001,-1.27709,-0.30279,0.39384,-1.14872,3
-0.41777,3.58609,-1.2327,-0.27233,-1.19605,2.48978,-1.30289,0.62827,-0.6373300000000001,-1.09315,-1.7347,0.37106,-1.36857,3
-0.35884,-0.48724,-0.7196100000000001,-0.27233,-0.43749,3.47325,0.51246,-0.42771,-0.17794,-0.60068,-0.4875600000000001,0.27741,-1.12351,3
-0.34901,0.3703,-1.04467,-0.27233,0.79657,3.44336,0.6510100000000001,-0.94697,-0.52248,-0.85582,-2.51994,0.36175,-1.05489,3
-0.35286,0.3703,-1.04467,-0.27233,0.17523,2.8641,-0.05595,-0.65225,-0.52248,-0.85582,-2.51994,0.30523,-0.73001,3
0.14936,-0.48724,1.01499,-0.27233,0.6585,-1.87105,1.11639,-1.16946,1.6596,1.52941,0.80578,0.20643000000000006,-1.31536,3
0.34008,-0.48724,1.01499,3.66477,0.6585,1.04092,1.02758,-1.23124,1.6596,1.52941,0.80578,0.38749,-1.35737,3
0.65323,-0.48724,1.01499,-0.27233,0.6585,-0.09768,1.11639,-1.24706,1.6596,1.52941,0.80578,0.1038,-0.43734,3
7.47625,-0.48724,1.01499,-0.27233,1.19354,-0.8562799999999999,1.11639,-1.12534,1.6596,1.52941,0.80578,0.30994,1.44613,1
0.73278,-0.48724,1.01499,-0.27233,1.19354,-0.61575,0.32773,-1.08972,1.6596,1.52941,0.80578,-0.20279,2.42498,1
4.89826,-0.48724,1.01499,-0.27233,1.19354,-2.51294,1.11639,-1.01478,1.6596,1.52941,0.80578,-2.93997,3.4066300000000003,1
1.53441,-0.48724,1.01499,-0.27233,1.25395,-1.43412,1.04889,-1.12501,1.6596,1.52941,0.80578,0.44062,2.54261,1
1.23497,-0.48724,1.01499,-0.27233,1.19354,0.08307,1.11639,-1.05472,1.6596,1.52941,0.80578,0.44062,1.07364,1
0.83946,-0.48724,1.01499,-0.27233,1.07273,0.7078800000000001,0.78956,-0.93818,1.6596,1.52941,0.80578,-3.67057,1.83963,1
4.40801,-0.48724,1.01499,-0.27233,1.19354,-1.07261,0.59772,-1.03891,1.6596,1.52941,0.80578,-0.29809,2.06229,1
0.66562,-0.48724,1.01499,-0.27233,1.07273,0.13573,0.96008,-0.8675700000000001,1.6596,1.52941,0.80578,-3.24174,1.60017,1
2.41588,-0.48724,1.01499,-0.27233,1.25395,-2.32365,1.11639,-1.10549,1.6596,1.52941,0.80578,0.44062,2.18832,1
1.42543,-0.48724,1.01499,-0.27233,1.00369,0.37057,1.0844200000000002,-1.0808,1.6596,1.52941,0.80578,0.44062,1.1800700000000002,1
-0.41459,-0.48724,0.11562,-0.27233,0.15797,-0.36241,0.4343,-0.61264,-0.98187,-0.80242,1.1753,0.44062,-0.6684,1
0.5090899999999999,-0.48724,1.01499,-0.27233,1.25395,-1.08827,1.11639,-1.07419,1.6596,1.52941,0.80578,0.44062,1.66739,1
0.26257,-0.48724,1.01499,-0.27233,1.19354,0.17131,0.97429,-1.00595,1.6596,1.52941,0.80578,0.44062,0.94061,1
1.13308,-0.48724,1.01499,-0.27233,1.19354,-0.56593,0.9281,-0.95594,1.6596,1.52941,0.80578,0.44062,0.5177,1
0.59329,-0.48724,1.01499,-0.27233,1.19354,0.26524000000000003,1.07376,-0.98273,1.6596,1.52941,0.80578,0.38672,0.62553,1
0.39957,-0.48724,1.01499,-0.27233,0.51179,-0.25851,0.58706,-0.84211,1.6596,1.52941,0.80578,-3.87923,1.48955,1
0.87131,-0.48724,1.01499,-0.27233,0.9778,-1.96214,1.11639,-1.24464,1.6596,1.52941,0.80578,0.44062,3.09715,1
0.51645,-0.48724,1.01499,-0.27233,0.2529,-1.22063,0.95297,-0.64835,1.6596,1.52941,0.80578,-0.04484,0.76836,1
0.39633,-0.48724,1.01499,-0.27233,1.40929,-0.39657,0.94942,-0.91202,1.6596,1.52941,0.80578,-0.40193,0.42668,1
-0.2626,-0.48724,-0.43683,-0.27233,-0.14407,-0.30263,1.11639,0.18044,-0.6373300000000001,-0.60068,1.1753,0.21968,0.054179999999999985,1
0.31094,-0.48724,1.01499,-0.27233,1.59914,0.08022,0.9885,-0.8182699999999999,1.6596,1.52941,0.80578,-0.4235100000000001,0.71935,1
5.52485,-0.48724,1.01499,-0.27233,0.36508,-0.7509600000000001,1.11639,-1.13123,1.6596,1.52941,0.80578,-3.87836,-0.35612,1
0.38931,-0.48724,1.01499,-0.27233,1.25395,-0.81358,1.00981,-0.8873700000000001,1.6596,1.52941,0.80578,0.41356,0.6241300000000001,1
0.21248000000000006,-0.48724,1.01499,-0.27233,1.36614,0.52712,1.05244,-0.68378,1.6596,1.52941,0.80578,-0.01516,0.71095,1
-0.40256,-0.48724,2.42017,-0.27233,0.46864,-1.1822,0.85705,-0.93752,-0.6373300000000001,1.79642,0.75959,0.42079,0.75716,1
-0.30661,-0.48724,1.56744,-0.27233,0.59809,-0.7509600000000001,1.05955,-0.68815,-0.6373300000000001,0.17065999999999998,1.26768,-1.02869,0.6521399999999999,1
0.05625,-0.48724,1.23073,-0.27233,2.72965,-1.16228,1.11639,-1.1318,-0.52248,-0.03107,-1.7347,0.44062,1.92786,1
-0.37507,-0.48724,2.11552,-0.27233,0.22701,-0.9559,0.96008,-0.96777,-0.8670200000000001,-1.30676,0.29768,0.02865,2.04549,1
2.91137,-0.48724,1.01499,-0.27233,0.36508,-1.60775,1.11639,-1.04746,1.6596,1.52941,0.80578,-1.59597,1.04003,1
-0.39554,0.04872,-0.47618,-0.27233,-0.26489,-0.93029,1.11639,1.08612,-0.52248,-0.57695,-1.50375,0.32812,2.41938,1
-0.25573,-0.48724,1.23073,3.66477,2.72965,-0.22151,0.97429,-0.97147,-0.52248,-0.03107,-1.7347,-0.39054,0.34546,1
-0.37914,-0.48724,1.56744,-0.27233,0.59809,0.24105,1.05955,-0.92379,-0.6373300000000001,0.17065999999999998,1.26768,0.40973,0.27124000000000004,1
-0.41426,1.01346,-0.74002,-0.27233,-1.00792,-0.8235399999999999,-1.42723,1.3514,-0.98187,-0.61848,-0.71851,0.40907,-0.03124,1
0.71041,-0.48724,1.01499,-0.27233,1.59914,0.17273,1.01692,-0.82155,1.6596,1.52941,0.80578,0.32078,0.96161,1
0.4406600000000001,-0.48724,1.01499,-0.27233,0.36508,-0.95021,1.04179,-1.11143,1.6596,1.52941,0.80578,-0.46042,1.92506,1
-0.38227,-0.48724,1.56744,-0.27233,0.59809,0.20831,1.07376,-0.94151,-0.6373300000000001,0.17065999999999998,1.26768,0.44062,0.38327,1
-0.3889,-0.48724,-0.21089,-0.27233,0.26153000000000004,-0.6983,0.07194,-0.42852,-0.40764,-0.10228,0.34387,0.44062,0.20262,2
-0.33024000000000003,-0.48724,-0.43683,-0.27233,-0.14407,0.2994,0.91745,0.31327,-0.6373300000000001,-0.60068,1.1753,0.34247,0.02058,2
-0.40033,0.04872,-0.47618,-0.27233,-0.26489,-0.39941,0.61548,1.3283200000000002,-0.52248,-0.57695,-1.50375,0.32899999999999996,0.62273,2
-0.41264,-0.48724,-0.75459,-0.27233,-0.48064,-0.50046,-0.01332,-0.20646,-0.52248,-0.76682,0.34387,0.44062,-0.41633,2
0.09402,-0.48724,1.01499,-0.27233,0.2529,-0.40084,0.9209999999999999,-0.59588,1.6596,1.52941,0.80578,-0.27804,1.21368,2
-0.40255,-0.48724,-0.16424,-0.27233,-0.06641,-0.37522,0.49825,-0.49752,-0.40764,0.14099,-0.30279,0.41444,-0.32951,2
-0.40017,-0.48724,-0.61612,-0.27233,-0.92076,-0.8577,-1.23539,0.6199100000000001,-0.7521800000000001,-1.03975,-0.2566,0.44062,-0.34211,2
-0.3955,-0.48724,-0.3756,-0.27233,-0.29941,-0.21012,0.66877,-0.51305,-0.52248,-0.14381,1.12911,0.414,0.1102,2
-0.40327,-0.48724,-0.16424,-0.27233,-0.06641,-0.78796,-0.11989,-0.49192,-0.40764,0.14099,-0.30279,0.38147,0.134,2
-0.37641,-0.48724,-0.0797,3.66477,-0.56693,-1.25336,0.7114,-0.06176,-0.6373300000000001,-0.77868,0.06673,0.42243,1.58617,2
-0.28141,-0.48724,1.56744,-0.27233,0.59809,0.05887000000000001,1.0346799999999998,-0.72377,-0.6373300000000001,0.17065999999999998,1.26768,0.44062,-0.05504,2
-0.39159,-0.48724,-0.18028,-0.27233,-0.0923,-0.71537,0.11102,0.11239,-0.6373300000000001,-0.61848,-0.02565,0.44062,0.46029,2
-0.05231,-0.48724,1.01499,-0.27233,0.86561,-0.74811,-0.72383,-0.34598,1.6596,1.52941,0.80578,-0.24398000000000006,0.20682,2
-0.40776,0.79907,-0.90473,-0.27233,-1.09335,-0.2699,-0.12345,1.20675,-0.40764,-0.64222,-0.85708,0.41564,-0.03544,2
-0.41782,2.94293,-1.36681,-0.27233,-1.46443,-0.07776,-1.3171,2.51419,-0.98187,-0.99229,-0.11803,-0.16510999999999998,0.03878,2
-0.41177,-0.48724,2.11552,-0.27233,0.22701,-0.39941,0.5515399999999999,-0.75872,-0.8670200000000001,-1.30676,0.29768,0.22998,0.22643,2
-0.37928,-0.48724,-0.54761,-0.27233,-0.53242,-0.34675,-0.66343,0.43978,-0.52248,-0.71935,0.52864,0.44062,-0.6936,2
-0.41506,0.41318,-0.80124,-0.27233,-0.99842,-0.24143,-0.19805,1.43403,-0.6373300000000001,-0.98042,-0.7647,0.40852,-0.45134,2
-0.39725,0.45606,-0.76917,-0.27233,-1.06746,-0.08345,0.37746,2.0232900000000003,-0.29279,-0.46421,0.29768,0.21322,-0.35052,2
-0.40956,0.3703,-0.60883,3.66477,-0.78268,-0.5189699999999999,-0.25134,0.05815,-0.7521800000000001,-1.09909,0.06673,0.37971,0.13960999999999998,2
-0.40998,-0.48724,0.24681,-0.27233,-1.01568,-0.20585,-0.80909,0.14031,-0.52248,-0.06074,0.11292,0.33174000000000003,-0.33371,2
-0.41598,2.94293,-1.09277,-0.27233,-1.40402,-0.5815899999999999,-1.7576200000000002,2.57645,-0.98187,-0.5532100000000001,-0.94946,0.42178,-0.47655,2
-0.4155,-0.48724,-0.8668299999999999,-0.27233,-0.34256,-0.35245,-1.21053,1.04015,-0.52248,-1.09315,0.80578,0.44062,-0.6501899999999999,2
-0.40673,-0.48724,-1.20209,-0.27233,-0.94665,-0.17312,0.03642,-0.1424,-0.8670200000000001,-0.78462,-0.21041,0.38508,-0.18388,2
-0.38878,-0.48724,-0.18028,-0.27233,-0.0923,-0.02652,0.50535,-0.25276,-0.6373300000000001,-0.61848,-0.02565,0.40217,-0.6656,2
-0.39982,-0.48724,-0.0797,3.66477,-0.56693,-0.46204,0.8357399999999999,0.03897,-0.6373300000000001,-0.77868,0.06673,0.40064,0.64653,2
-0.01619,-0.48724,1.01499,3.66477,1.40929,3.55153,0.5089100000000001,-0.8977200000000001,1.6596,1.52941,0.80578,-0.02327,-1.03109,2
-0.41337,0.04872,-0.73856,-0.27233,-1.25732,-0.5787399999999999,-1.6759099999999998,1.2836299999999998,-0.6373300000000001,-0.37521,0.2053,0.4330600000000001,-0.63759,2
-0.41883,1.871,-1.29538,-0.27233,-1.42991,0.23963,-1.30289,1.6679700000000002,-0.98187,-0.64222,-1.45756,0.41674,-0.61938,2
-0.41599,0.97058,-0.73564,-0.27233,-1.0502,0.4346100000000001,-1.00093,0.80574,-0.29279,-0.47015,-1.0880299999999998,0.42802,-0.44154,2
-0.40728,0.5846899999999999,-0.8755799999999999,-0.27233,-0.87761,0.2439,-0.02753,1.62912,-0.17794,-0.73715,0.5748300000000001,0.44062,-0.82944,2
-0.39208,-0.48724,-0.54761,-0.27233,-0.53242,-0.28698,-0.88369,0.76974,-0.52248,-0.71935,0.52864,0.44062,0.019180000000000003,2
-0.13532,-0.48724,1.23073,-0.27233,0.43412,0.16704000000000002,0.94587,-0.7278,-0.52248,-0.03107,-1.7347,-0.29174,-0.18668,2
-0.41466,-0.48724,-1.12629,-0.27233,-0.56693,0.18839,-0.08792,-0.33373,-0.8670200000000001,-0.8202200000000001,-0.30279,0.38892,-0.5381600000000001,2
-0.33156,0.3703,-1.04467,-0.27233,0.79657,-1.03134,-0.20516,-0.85888,-0.52248,-0.85582,-2.51994,0.39133,-0.30851,2
-0.36279,-0.48724,-0.18028,-0.27233,-0.0923,0.4986600000000001,0.49469,-0.22678,-0.6373300000000001,-0.61848,-0.02565,0.44062,-1.13611,2
-0.41522,0.71332,0.56895,-0.27233,-0.78268,0.22397,-0.53199,-0.06133,-0.6373300000000001,-0.8202200000000001,-0.11803,0.4199100000000001,-0.6291899999999999,2
-0.40682,-0.48724,0.40132,3.66477,-0.04052,0.12577,0.8464,-0.20503,-0.52248,-0.78462,-0.94946,0.406,-0.3015,2
-0.38482,-0.48724,-0.54761,-0.27233,-0.53242,0.03895,-1.40947,0.76974,-0.52248,-0.71935,0.52864,0.44062,-0.91066,2
-0.37336,-0.48724,-0.18028,-0.27233,-0.0923,0.13858,-0.04884,-0.12468,-0.6373300000000001,-0.61848,-0.02565,0.4221,-0.32111,2
1.15196,-0.48724,1.01499,-0.27233,0.6585,-3.44659,1.11639,-1.0848799999999998,1.6596,1.52941,0.80578,-2.46732,0.09479,2
-0.4148,-0.48724,0.40132,3.66477,-0.04052,-0.5645100000000001,-0.44673,-0.32433,-0.52248,-0.78462,-0.94946,0.39571,0.12,2
-0.41593,2.94293,-1.13213,-0.27233,-1.35225,0.007640000000000002,-1.8038,1.33753,-0.6373300000000001,-0.42268,-1.0880299999999998,0.44062,-1.11791,2
-0.40943,-0.48724,-1.033,-0.27233,-0.38571,0.18697,0.5515399999999999,-0.5455399999999999,-0.52248,-0.66595,-0.85708,0.42528,-0.5059600000000001,2
-0.15266,-0.48724,1.23073,-0.27233,0.43412,0.04891,0.97784,-0.80497,-0.52248,-0.03107,-1.7347,-0.65265,-0.21748,2
-0.41304,-0.48724,0.11562,-0.27233,0.15797,0.98399,0.79666,-0.7729199999999999,-0.98187,-0.80242,1.1753,0.44062,-0.98208,2
-0.38168,-0.48724,-0.7196100000000001,-0.27233,-0.4116,-0.28271,-0.25134,-0.06798,-0.17794,-0.60068,-0.4875600000000001,0.2199,-0.24829,2
-0.38059,0.45606,-0.76917,-0.27233,-1.06746,-0.25139,-1.19631,2.0232900000000003,-0.29279,-0.46421,0.29768,0.36701,-0.48915,3
-0.40678,0.3703,-0.60883,-0.27233,-0.78268,0.3606,-0.35081,0.05815,-0.7521800000000001,-1.09909,0.06673,0.41937,-0.6894,3
-0.41836,2.94293,-1.33037,-0.27233,-1.03294,0.4986600000000001,-1.38105,2.1603,-0.6373300000000001,-0.76088,-0.67232,0.37533,-0.93306,3
-0.41379,-0.48724,-1.033,-0.27233,-0.38571,0.04322,0.17140999999999998,-0.22678,-0.52248,-0.66595,-0.85708,0.42638,-0.89105,3
-0.41585,0.5846899999999999,-0.91494,-0.27233,-1.11061,0.02472,-1.29223,0.76253,-0.6373300000000001,-0.75495,0.25149,0.44062,-0.8308399999999999,3
-0.41497,2.51416,-1.29684,-0.27233,-1.33499,0.83454,-0.75225,1.91515,-0.52248,-0.29808,-1.68851,0.37446,-0.92186,3
-0.40365,-0.48724,-0.61612,-0.27233,-0.92076,-0.16458,-2.20168,0.91459,-0.7521800000000001,-1.03975,-0.2566,0.29241,-0.95827,3
-0.39793,0.45606,-0.76917,-0.27233,-1.06746,0.61679,-1.81446,1.91454,-0.29279,-0.46421,0.29768,0.406,-0.85324,3
-0.41044,-0.48724,-1.2647700000000002,-0.27233,-0.5755600000000001,-0.96871,0.75403,-0.38331,-0.7521800000000001,-1.27709,-0.30279,0.37599,0.18582,3
-0.40529,-0.48724,-0.61612,-0.27233,-0.92076,0.6908,-2.33313,0.91459,-0.7521800000000001,-1.03975,-0.2566,0.31476,-1.0941,3
-0.37847,-0.48724,-0.7196100000000001,3.66477,-0.4116,0.94841,0.70785,-0.44324,-0.17794,-0.60068,-0.4875600000000001,0.38366,-0.41213,3
-0.4138600000000001,-0.48724,0.4057,-0.27233,-1.01568,0.37626,-0.62436,1.02833,-0.6373300000000001,-0.70748,-1.13422,0.39625,-0.73701,3
-0.41532,0.5846899999999999,-0.91494,-0.27233,-1.11061,0.6296,-1.24605,0.76253,-0.6373300000000001,-0.75495,0.25149,0.44062,-1.03109,3
-0.40377,-0.48724,-0.0797,-0.27233,-0.56693,0.12861,-1.2886799999999998,0.0714,-0.6373300000000001,-0.77868,0.06673,0.31914000000000003,-0.45834,3
-0.41437,0.92771,-1.30559,-0.27233,-0.7136399999999999,0.80323,0.06128,-0.2908,-0.29279,-1.10502,-0.02565,0.44062,-0.71741,3
-0.41843,2.0853900000000003,-1.19626,-0.27233,-1.32636,0.45454,-1.76827,1.15142,-0.98187,-0.84988,-1.31899,0.21935,-1.15852,3
-0.41307,-0.48724,-1.2647700000000002,-0.27233,-0.5755600000000001,-0.18735,0.008,-0.24474,-0.7521800000000001,-1.27709,-0.30279,0.33338,0.06959,3
-0.41054,0.45606,-0.76917,-0.27233,-1.06746,0.95694,-2.19458,2.42752,-0.29279,-0.46421,0.29768,0.32221,-1.27755,3
0.12014,-0.48724,1.01499,-0.27233,0.51179,0.98968,-0.03463,-0.59939,1.6596,1.52941,0.80578,0.19723,-0.13906,3
-0.41207,1.44223,-1.12192,-0.27233,-1.01568,0.64668,-1.34197,1.27499,-0.52248,-0.06074,-1.50375,0.36186,-1.11511,3
-0.41656,1.871,-1.07236,-0.27233,-0.6100800000000001,0.8388100000000001,-1.43789,1.26815,-0.52248,-0.22688000000000005,-0.39518,0.3428,-1.12631,3
-0.36874,-0.48724,-0.7196100000000001,-0.27233,-0.43749,0.38053,-1.6759099999999998,-0.19943,-0.17794,-0.60068,-0.4875600000000001,0.25923,-1.24534,3
-0.41844,3.80047,-1.43094,-0.27233,-1.24006,0.75627,-0.99737,2.15118,-0.52248,-0.90329,-1.54994,0.3968,-1.21874,3
-0.37216,-0.48724,-0.7196100000000001,-0.27233,-0.43749,1.25013,0.40233,-0.27513000000000004,-0.17794,-0.60068,-0.4875600000000001,0.16875,-0.88125,3
-0.41544,2.94293,-1.40179,-0.27233,-1.30047,1.42662,-1.22474,1.66878,-0.8670200000000001,-0.47015,-2.7047,0.44062,-1.20053,3
-0.41572,2.94293,-1.40179,-0.27233,-1.30047,1.40811,-1.07553,1.66878,-0.8670200000000001,-0.47015,-2.7047,0.38913,-0.8448399999999999,3
-0.41037,1.44223,-1.12192,-0.27233,-1.01568,1.28145,-1.05421,0.36646,-0.52248,-0.06074,-1.50375,0.44062,-1.01708,3
-0.41369,0.92771,-1.30559,-0.27233,-0.7136399999999999,1.3540299999999998,-0.97606,0.10778,-0.29279,-1.10502,-0.02565,0.40535,-0.80143,3
-0.41207,-0.48724,-1.30559,-0.27233,-0.8344600000000001,1.22736,-0.51067,1.07667,-0.7521800000000001,-1.10502,0.11292,0.44062,-1.02549,3
-0.41003,1.44223,-1.12192,-0.27233,-1.01568,1.27148,-1.50183,1.27499,-0.52248,-0.06074,-1.50375,0.3704,-1.36997,3
-0.41338,-0.48724,-1.2647700000000002,-0.27233,-0.5755600000000001,0.98968,-0.36147,-0.45877,-0.7521800000000001,-1.27709,-0.30279,0.44062,-1.0661,3
-0.40952,-0.48724,-1.2647700000000002,-0.27233,-0.5755600000000001,1.23875,0.83929,-0.51975,-0.7521800000000001,-1.27709,-0.30279,0.41017,-1.0969,3
-0.40605,-0.48724,-1.20209,-0.27233,-0.94665,2.5396,0.26378,-0.1424,-0.8670200000000001,-0.78462,-0.21041,0.44062,-1.18233,3
-0.41757,3.05012,-1.32745,-0.27233,-1.20554,1.88633,-1.8784,1.17536,-0.8670200000000001,-0.35741,-1.7347,0.42397,-1.33636,3
-0.35801,0.3703,-1.04467,-0.27233,0.79657,1.75823,0.73982,-0.7860699999999999,-0.52248,-0.85582,-2.51994,0.34718000000000004,-0.75522,3
-0.1864,-0.48724,1.23073,-0.27233,0.43412,2.3403400000000003,0.98139,-0.83067,-0.52248,-0.03107,-1.7347,0.1383,-1.25374,3
-0.39598,-0.48724,2.42017,-0.27233,0.46864,-1.69599,1.04534,-0.93671,-0.6373300000000001,1.79642,0.75959,-0.4189100000000001,2.38437,1
1.34437,-0.48724,1.01499,-0.27233,1.59914,-0.18877,1.11639,-0.8932100000000001,1.6596,1.52941,0.80578,-3.80475,1.93206,1
3.9584,-0.48724,1.01499,-0.27233,1.07273,-0.11761,0.3597,-0.91757,1.6596,1.52941,0.80578,-3.70069,0.26144,1
0.69548,-0.48724,1.01499,-0.27233,1.19354,0.16989,1.11639,-1.0239,1.6596,1.52941,0.80578,0.21289,1.07224,1
0.72196,-0.48724,1.01499,-0.27233,1.00369,0.72495,1.07376,-1.15735,1.6596,1.52941,0.80578,0.44062,1.20247,1
0.53328,-0.48724,1.01499,-0.27233,1.36614,-0.49619,0.41654,-0.48242,1.6596,1.52941,0.80578,-3.8685,0.60032,1
0.22874,-0.48724,1.01499,-0.27233,1.36614,0.21543,0.68653,-0.70249,1.6596,1.52941,0.80578,-2.8094,0.4995,1
-0.39396,0.04872,-0.47618,-0.27233,-0.26489,0.13146,0.91389,1.21178,-0.52248,-0.57695,-1.50375,0.39264,1.09185,1
1.85962,-0.48724,1.01499,-0.27233,1.00369,1.46362,1.04179,-1.17715,1.6596,1.52941,0.80578,0.44062,0.1102,1
-0.28913,-0.48724,1.23073,3.66477,2.72965,-1.81128,0.69008,-1.03758,-0.52248,-0.03107,-1.7347,-0.14670999999999998,-0.07465,1
-0.11371,-0.48724,-0.18028,-0.27233,-0.0923,-1.86678,-1.09329,-0.6058,-0.6373300000000001,-0.61848,-0.02565,-0.06817999999999999,-0.00183,1
0.13935,-0.48724,1.01499,-0.27233,1.36614,0.59259,0.7611399999999999,-0.56871,1.6596,1.52941,0.80578,-1.11117,0.5275,1
-0.32893,-0.48724,-0.43683,-0.27233,-0.14407,-0.41934,0.46627,0.21981,-0.6373300000000001,-0.60068,1.1753,0.32944,0.28244,1
0.53881,-0.48724,1.01499,-0.27233,1.36614,1.57748,1.09152,-0.63748,1.6596,1.52941,0.80578,0.21026,0.5723199999999999,1
-0.40018,-0.48724,-0.16424,-0.27233,-0.06641,-0.50758,0.69719,-0.63254,-0.40764,0.14099,-0.30279,-0.12886,0.43508,2
-0.38709,-0.48724,-0.54761,-0.27233,-0.53242,-0.8207,0.20339,0.43978,-0.52248,-0.71935,0.52864,0.37741,-0.12786,2
-0.40644,0.04872,-0.47618,-0.27233,-0.26489,-0.3923,0.5089100000000001,1.15479,-0.52248,-0.57695,-1.50375,0.44062,0.08639,2
-0.15109,-0.48724,1.23073,-0.27233,0.43412,-0.5759,1.02047,-0.66787,-0.52248,-0.03107,-1.7347,-0.09359,-0.08725,2
0.24161,-0.48724,1.01499,-0.27233,0.24427,-0.24286,0.39878,-0.11832,1.6596,1.52941,0.80578,0.39439,0.32585,2
-0.38057,-0.48724,1.56744,-0.27233,0.59809,0.24674,1.07731,-0.79619,-0.6373300000000001,0.17065999999999998,1.26768,0.42024,-0.00743,2
-0.34716,-0.48724,-0.43683,-0.27233,-0.14407,-0.64137,-0.42897,0.33412,-0.6373300000000001,-0.60068,1.1753,0.4266,-0.58578,2
0.025960000000000004,-0.48724,1.01499,-0.27233,1.85804,-0.04787,0.8002100000000001,-0.71213,1.6596,1.52941,0.80578,-0.06598,0.21523,2
-0.40387,-0.48724,-0.3756,-0.27233,-0.29941,-0.16742,0.7611399999999999,-0.65253,-0.52248,-0.14381,1.12911,0.3945,-0.04524,2
-0.40492,-0.48724,-0.16424,-0.27233,-0.06641,-0.58728,0.16076,-0.6257,-0.40764,0.14099,-0.30279,-0.19765,0.38047,2
-0.14357,-0.48724,1.01499,-0.27233,0.24427,-0.5887100000000001,-0.94764,-0.03374,1.6596,1.52941,0.80578,0.15396,0.0962,2
0.0075200000000000015,-0.48724,1.01499,-0.27233,1.85804,-1.31314,0.98139,-0.8032600000000001,1.6596,1.52941,0.80578,0.26415,-0.34492,2
-0.4048,-0.48724,-0.16424,-0.27233,-0.06641,-0.15461,0.13944,-0.50574,-0.40764,0.14099,-0.30279,0.40118,-0.08585,2
-0.3923,-0.48724,-0.21089,-0.27233,0.26153000000000004,-0.37806,-0.11634,-0.65818,-0.40764,-0.10228,0.34387,0.44062,0.03738,2
-0.41419,-0.48724,-0.8668299999999999,-0.27233,-0.34256,0.04464,-1.08263,1.26483,-0.52248,-1.09315,0.80578,0.36186,-0.97647,2
-0.41477,1.76381,-0.84788,-0.27233,-1.29184,0.04322,-0.81619,1.67267,-0.40764,-0.68375,-0.85708,0.44062,-0.7076100000000001,2
-0.41028,-0.48724,-1.033,-0.27233,-0.38571,-0.60578,0.00444,-0.51913,-0.52248,-0.66595,-0.85708,0.40042,-0.42193,2
-0.15941,-0.48724,1.23073,-0.27233,0.43412,-0.6129,0.8250799999999999,-0.6520600000000001,-0.52248,-0.03107,-1.7347,0.4210100000000001,-0.14186,2
-0.39899,-0.48724,-0.54761,-0.27233,-0.53242,0.13004000000000002,-0.50712,0.35397,-0.52248,-0.71935,0.52864,0.44062,-0.80983,2
-0.41422,-0.48724,-0.96887,-0.27233,-0.91213,0.14854,-0.73093,0.46747,-0.7521800000000001,-0.95669,0.02054,0.44062,-0.42474,2
-0.41715,1.871,-1.07236,-0.27233,-0.6100800000000001,0.58548,-0.43252,0.91991,-0.52248,-0.22688000000000005,-0.39518,0.44062,-0.76642,2
-0.4161,3.05012,-1.32745,-0.27233,-1.20554,-0.17454,-1.07198,1.17536,-0.8670200000000001,-0.35741,-1.7347,0.40633,-0.73141,2
-0.40431,-0.48724,-0.0797,3.66477,-0.56693,-0.31402,-0.3366,0.21093,-0.6373300000000001,-0.77868,0.06673,0.26996,0.28104,3
-0.3876,-0.48724,-0.21089,-0.27233,0.26153000000000004,-0.51043,-0.92277,-0.6712,-0.40764,-0.10228,0.34387,0.44062,0.1312,3
-0.27205,-0.48724,1.23073,3.66477,0.43412,-0.04929,0.8535,-0.9482,-0.52248,-0.03107,-1.7347,-0.19447,-1.00168,3
-0.41394,-0.48724,-1.12629,-0.27233,-0.56693,1.13058,-0.1945,-0.18072,-0.8670200000000001,-0.8202200000000001,-0.30279,0.43141,-0.97367,3
-0.41364,2.51416,-1.29684,-0.27233,-1.33499,1.0765,-2.0809,1.91515,-0.52248,-0.29808,-1.68851,0.16327,-1.10811,3
-0.41468,2.94293,-1.40179,-0.27233,-1.30047,1.17043,-1.13592,1.66878,-0.8670200000000001,-0.47015,-2.7047,-0.02589,-0.56617,3
-0.41905,3.3717,-1.19043,-0.27233,-1.33499,1.14339,-1.6972200000000002,1.6679700000000002,-0.98187,-0.73122,-1.45756,0.41674,-0.6726,3
-0.40793,1.22785,-0.6890000000000001,3.66477,-0.92939,1.39815,-0.6954100000000001,0.47117,-0.6373300000000001,-0.91515,-0.39518,0.35682,-0.92466,3
-0.41634,-0.48724,-1.30559,-0.27233,-0.8344600000000001,1.0153,-0.80909,1.07667,-0.7521800000000001,-1.10502,0.11292,0.41575,-1.36017,3
-0.39431,0.3703,-0.60883,3.66477,-0.78268,2.00161,-0.5959399999999999,0.27138,-0.7521800000000001,-1.09909,0.06673,0.37347,-0.85044,3
-0.37567,-0.48724,-0.7196100000000001,-0.27233,-0.43749,2.49832,0.6368,-0.27513000000000004,-0.17794,-0.60068,-0.4875600000000001,0.33634000000000003,-1.33356,3
-0.41831,3.3717,-1.07673,-0.27233,-1.38676,1.6643,-1.22118,1.20675,-0.7521800000000001,-0.97449,-1.18041,0.32495,-1.33636,3
-0.38543,-0.48724,-0.7196100000000001,-0.27233,-0.43749,1.99449,-1.83222,-0.19943,-0.17794,-0.60068,-0.4875600000000001,0.22823,-1.22294,3
0.23908,-0.48724,1.01499,3.66477,0.6585,0.56697,1.00271,-1.1579700000000002,1.6596,1.52941,0.80578,0.20435,-1.24954,3
1.65705,-0.48724,1.01499,-0.27233,1.00369,-0.08772,1.11639,-1.1440000000000001,1.6596,1.52941,0.80578,0.406,1.27809,1
-0.09693,-0.48724,1.23073,-0.27233,2.72965,-1.96641,1.03823,-1.1631,-0.52248,-0.03107,-1.7347,0.44062,2.32976,1
0.67164,-0.48724,1.01499,-0.27233,1.59914,-0.93598,0.8996799999999999,-0.93928,1.6596,1.52941,0.80578,0.44062,1.43213,1
0.58492,-0.48724,1.01499,-0.27233,1.19354,-0.13042,0.8535,-0.95162,1.6596,1.52941,0.80578,0.44062,0.35246,1
-0.16956,-0.48724,1.23073,-0.27233,2.72965,-0.93456,1.11639,-1.0820299999999998,-0.52248,-0.03107,-1.7347,-2.05273,0.55971,1
-0.40434,0.04872,-0.73856,-0.27233,-1.25732,-0.98295,-1.1288200000000002,1.2836299999999998,-0.6373300000000001,-0.37521,0.2053,0.44062,0.06119,1
-0.3568,-0.48724,1.56744,-0.27233,0.59809,-0.1902,1.04179,-1.0098,-0.6373300000000001,0.17065999999999998,1.26768,0.44062,0.81318,1
0.62424,-0.48724,1.01499,3.66477,1.85804,-0.10338,1.0240200000000002,-0.79443,1.6596,1.52941,0.80578,0.23064,0.69275,1
1.76683,-0.48724,1.01499,-0.27233,0.36508,-2.35781,1.11639,-1.0643200000000002,1.6596,1.52941,0.80578,-3.59148,3.04114,1
-0.33572,-0.48724,-0.43683,-0.27233,-0.14407,-0.79365,0.03286,0.0006900000000000001,-0.6373300000000001,-0.60068,1.1753,0.37544,-0.19228,1
-0.41295,-0.48724,-0.8668299999999999,-0.27233,-0.34256,-0.45065,-0.35792,0.48305,-0.52248,-1.09315,0.80578,0.44062,-0.47095,2
0.0494,-0.48724,1.01499,-0.27233,-0.19585,-0.07918,0.7859999999999999,-0.33041,1.6596,1.52941,0.80578,0.42342,0.03038,2
-0.40877,-0.48724,-0.75459,-0.27233,-0.48064,-0.6314,-0.25489,-0.1981,-0.52248,-0.76682,0.34387,0.22877,-0.17407,2
-0.09244,-0.48724,1.01499,-0.27233,-0.19585,-0.74384,-1.0044799999999998,0.14402,1.6596,1.52941,0.80578,0.39702,-0.31271,2
-0.39485,-0.48724,-0.0797,3.66477,-0.56693,-0.67979,-0.52488,-0.06765,-0.6373300000000001,-0.77868,0.06673,0.37533,0.47289,2
-0.41407,-0.48724,-0.96887,-0.27233,-0.91213,-0.38376,-0.83396,0.30021,-0.7521800000000001,-0.95669,0.02054,0.43065,0.02898,2
-0.41597,0.5846899999999999,-0.91494,-0.27233,-1.11061,-0.16742,-0.7771100000000001,0.76253,-0.6373300000000001,-0.75495,0.25149,0.37205,-0.72021,2
-0.38045,-0.48724,-0.54761,-0.27233,-0.53242,0.18554,-1.01158,0.43978,-0.52248,-0.71935,0.52864,0.44062,-0.91486,3
-0.41859,1.01346,-1.40179,-0.27233,-0.97253,1.36115,-0.68475,1.54003,-0.98187,-0.73715,-1.3651799999999998,0.4169600000000001,-1.00308,3
-0.41693,-0.48724,-0.5927899999999999,-0.27233,-0.73953,1.28145,-0.26555,0.55661,-0.8670200000000001,-0.98635,-0.30279,0.39604,-1.20753,3
-0.41244,-0.48724,-1.2647700000000002,-0.27233,-0.5755600000000001,2.10693,0.52312,-0.50056,-0.7521800000000001,-1.27709,-0.30279,0.42594,-0.71321,3
0.54103,-0.48724,1.01499,3.66477,0.9778,-0.58301,0.74693,-1.2658200000000002,1.6596,1.52941,0.80578,-0.09633,-0.52836,3
2.49171,-0.48724,1.01499,-0.27233,1.19354,-0.42361,1.11639,-1.04774,1.6596,1.52941,0.80578,0.44062,1.97687,1
0.1324,-0.48724,1.01499,-0.27233,1.36614,0.3421,0.6368,-0.6455,1.6596,1.52941,0.80578,-3.3490800000000003,0.7669600000000001,1
0.23866,-0.48724,1.01499,-0.27233,1.59914,-0.09341,1.11639,-0.8501799999999999,1.6596,1.52941,0.80578,0.42736,0.5513100000000001,2
1.09999,-0.48724,1.01499,-0.27233,0.21838,-0.81358,-0.42186,-0.46129,1.6596,1.52941,0.80578,0.44062,0.29505,2
-0.39995,-0.48724,-0.21089,-0.27233,0.26153000000000004,-0.8221200000000001,-0.51778,-0.6712,-0.40764,-0.10228,0.34387,0.44062,-0.09005,2
-0.41092,-0.48724,0.24681,-0.27233,-1.01568,-0.01656,-2.2230000000000003,0.21677,-0.52248,-0.06074,0.11292,0.41893,-0.82244,2
-0.40548,1.44223,-1.12192,-0.27233,-1.01568,0.38622,-1.40236,0.36646,-0.52248,-0.06074,-1.50375,0.28661,-1.13331,3
-0.38157,-0.48724,-0.7196100000000001,-0.27233,-0.4116,2.79294,0.06484,-0.06798,-0.17794,-0.60068,-0.4875600000000001,0.244,-1.21874,3
-0.40693,0.79907,-0.90473,-0.27233,-1.09335,0.87155,-0.50712,1.20675,-0.40764,-0.64222,-0.85708,0.37873,-0.17827,2
-0.41771,3.15732,-1.51549,-0.27233,-1.24869,0.14,-1.16789,2.56092,-0.8670200000000001,-0.56508,-0.53375,0.44062,-0.96387,3
-0.4185,2.94293,-1.5563,-0.27233,-1.14513,2.26349,-1.29934,0.88016,-0.6373300000000001,-0.90922,-1.87327,0.41137,-1.35597,3
-0.39351,-0.48724,-0.3756,-0.27233,-0.29941,0.17131,0.59772,-0.51305,-0.52248,-0.14381,1.12911,-3.13133,-0.2833,2
-0.41836,3.3717,-1.44698,3.66477,-1.32636,2.3318,-1.55512,0.99252,-0.98187,-1.24742,-2.2428,0.4255,-1.32936,3
-0.4156,1.76381,-0.84788,-0.27233,-1.29184,-0.10765,-1.32421,1.67267,-0.40764,-0.68375,-0.85708,0.44062,-0.7720199999999999,2
-0.034,-0.48724,1.23073,3.66477,2.72965,-1.25479,1.11639,-1.17464,-0.52248,-0.03107,-1.7347,0.44062,1.98387,1
